[{"pk": "15", "model": "ticket.issuefielddropdownitem", "fields": {"field": 2, "name": "Feilen forsvinner ikke"}},
 {"pk": "19", "model": "ticket.issuefielddropdownitem", "fields": {"field": 11, "name": "Ikke utf\u00c3\u00b8rt"}},
 {"pk": "16", "model": "ticket.issuefielddropdownitem", "fields": {"field": 2, "name": "Ingenting"}},
 {"pk": "3", "model": "ticket.issuefielddropdownitem", "fields": {"field": 3, "name": "Liten endring, liten risiko"}},
 {"pk": "2", "model": "ticket.issuefielddropdownitem", "fields": {"field": 3, "name": "Liten endring stor risiko"}},
 {"pk": "24", "model": "ticket.issuefielddropdownitem", "fields": {"field": 6, "name": "Noks\u00c3\u00a5 enkel"}},
 {"pk": "22", "model": "ticket.issuefielddropdownitem", "fields": {"field": 3, "name": "Standard endring"}},
 {"pk": "1", "model": "ticket.issuefielddropdownitem", "fields": {"field": 3, "name": "Stor endring, liten risiko"}},
 {"pk": "21", "model": "ticket.issuefielddropdownitem", "fields": {"field": 3, "name": "Stor endring, stor risiko"}},
 {"pk": "14", "model": "ticket.issuefielddropdownitem", "fields": {"field": 2, "name": "Tjeneste g\u00c3\u00a5r ned"}},
 {"pk": "20", "model": "ticket.issuefielddropdownitem", "fields": {"field": 11, "name": "Utf\u00c3\u00b8rt"}},
 {"pk": "18", "model": "ticket.issuefielddropdownitem", "fields": {"field": 6, "name": "Mye vanskelig"}},
 {"pk": "23", "model": "ticket.issuefielddropdownitem", "fields": {"field": 6, "name": "Vanskelig"}},
 {"pk": "17", "model": "ticket.issuefielddropdownitem", "fields": {"field": 6, "name": "Veldig lett"}},
 {"pk": "1", "model": "ticket.dblogrecordtype", "fields": {"name": "account"}},
 {"pk": "2", "model": "ticket.dblogrecordtype", "fields": {"name": "ticket"}},
 {"pk": "3", "model": "ticket.dblogrecordtype", "fields": {"name": "mail"}},
 {"pk": "4", "model": "ticket.dblogrecordtype", "fields": {"name": "performance"}},
 {"pk": "5", "model": "ticket.dblogrecordtype", "fields": {"name": "status"}},
 {"pk": "6", "model": "ticket.dblogrecordtype", "fields": {"name": "event"}},
 {"pk": "7", "model": "ticket.dblogrecordtype", "fields": {"name": "mail\/loop"}},
 {"pk": "4", "model": "ticket.emailtemplate", "fields": {"body": "<h1>Kj\u00c3\u00a6re {{ recipient.first_name }} {{ recipient.last_name }},<\/h1>\r\n<p>\r\nEn ny sak,  <a href='{{ issue.url }}'>{{ issue.id }} - {{ issue.subject }}<\/a>, er opprettet som f\u00c3\u00b8lge av en e-postmelding du har sendt. Beskrivelsen av saken f\u00c3\u00b8lger.\r\n<\/p>\r\n\r\n{{ issue.description }}\r\n\r\n<p>\r\nDu kan legge inn ny informasjon i saken ved \u00c3\u00a5 svare p\u00c3\u00a5 denne meldingen.<\/p>\r\n<p>\r\nMed vennlig hilsen\r\n<\/p>\r\n<p>\r\nFreeTIL", "name": "mail_create", "subject": "Ny sak opprettet: {{ issue.subject }}"}},
 {"pk": "2", "model": "ticket.emailtemplate", "fields": {"body": "<h1>Kj\u00c3\u00a6re {{ recipient.first_name }} {{ recipient.last_name }},<\/h1>\r\n<p>\r\nEn sak du har opprettet, <a href='{{ issue.url }}'>{{ issue.id }} - {{ issue.subject }}<\/a> har blitt oppdatert med informasjon fra en e-postmelding sendt av {{ update.user.first_name }} {{ update.user.last_name }}. Meldingens innhold er:\r\n<\/p>\r\n\r\n{{ update.comment }}\r\n\r\n<p>\r\nDu kan oppdatere saken ved \u00c3\u00a5 svare p\u00c3\u00a5 denne meldingen.<\/p>\r\n<p>\r\nMed vennlig hilsen\r\n<\/p>\r\n<p>\r\nFreeTIL<\/p>", "name": "mail_update", "subject": "{{ issue.subject }}"}},
 {"pk": "3", "model": "ticket.emailtemplate", "fields": {"body": "<h1>Kj\u00c3\u00a6re {{recipient.first_name}} {{recipient.last_name}},<\/h1>\r\n<p>\r\nEn ny sak med tittel <a href='{{issue.url}}'>{{issue.id}} - {{issue.subject}}<\/a> har blitt opprettet av {{update.user.first_name}} {{update.user.last_name}}. Beskrivelsen av saken f\u00c3\u00b8lger.\r\n<\/p>\r\n\r\n{{issue.description}}\r\n\r\n<p>\r\nDu kan oppdatere saken ved \u00c3\u00a5 svare p\u00c3\u00a5 denne meldingen. \r\n<\/p>\r\n<p>\r\nMed vennlig hilsen\r\n<\/p>\r\n<p>\r\nFreeTIL", "name": "web_create", "subject": "{{issue.subject}}"}},
 {"pk": "5", "model": "ticket.emailtemplate", "fields": {"body": "<h1>Kj\u00c3\u00a6re {{ recipient.first_name }} {{recipient.last_name }},<\/h1>\r\n<p>\r\nSaken <a href='{{ issue.url }}'>{{ issue.id }} - {{ issue.subject }}<\/a> har blitt oppdatert. Den nye informasjonen er:\r\n<\/p>\r\n\r\n{{ issue.description }}\r\n<hr \/>\r\n{% for update in filtered_updates %}\r\n<p>\r\n{{ update.comment }}\r\n<\/p>\r\n<hr\/>\r\n{% endfor %}\r\n\r\n<p>\r\nDu kan oppdatere saken ved \u00c3\u00a5 svare p\u00c3\u00a5 denne meldingen.<\/p>\r\n<p>\r\nMed vennlig hilsen<\/p>\r\n<p>\r\nFreeTIL\r\n<\/p>", "name": "web_resend", "subject": "{{ issue.subject }}"}},
 {"pk": "1", "model": "ticket.emailtemplate", "fields": {"body": "<h1>Kj\u00c3\u00a6re {{ recipient.first_name }} {{ recipient.last_name }},<\/h1>\r\n<p>\r\nSaken <a href='{{ issue.url }}'>{{ issue.id }} - {{ issue.subject }}<\/a> har blitt oppdatert av meg, {{ update.user.first_name }} {{ update.user.last_name }}. Min oppdatering f\u00c3\u00b8lger:\r\n<\/p>\r\n\r\n{{ update.comment }}\r\n\r\n<p>\r\nDu kan oppdatere saken ved \u00c3\u00a5 svare p\u00c3\u00a5 denne meldingen.<\/p>\r\n<p>\r\nMed vennlig hilsen<\/p>\r\n<p>\r\n{{ update.user.first_name }} {{ update.user.last_name }}\r\n<\/p>\r\n<p>\r\n-- <br\/>\r\n{{ update.user.get_profile.signature }}\r\n<\/p>", "name": "web_update", "subject": "{{ issue.subject }}"}},
 {"pk": "1", "model": "ticket.event", "fields": {"code": "from tuit.util import properties\r\nif issue.current_status.id in properties['issue_closed_id']:\r\n    issue.current_status = Status.objects.get(id=properties['issue_default_status'])\r\n", "description": "\u00c3\u0085pne lukkede saker p\u00c3\u00a5 nytt n\u00c3\u00a5r oppdatering mottas via e-post", "event": "mail_update"}},
 {"pk": "1", "model": "ticket.category", "fields": {"name": "Kontor"}},
 {"pk": "3", "model": "ticket.category", "fields": {"name": "Maskinvare"}},
 {"pk": "2", "model": "ticket.category", "fields": {"name": "Tilgang"}},
 {"pk": "6", "model": "ticket.category", "fields": {"name": "Uten kategori"}},
 {"pk": "2", "model": "ticket.quickfillitem", "fields": {"field": 38, "value": "Brukeren har glemt passordet sitt", "fill": 1}},
 {"pk": "3", "model": "ticket.quickfillitem", "fields": {"field": 39, "value": "Brukeren har glemt passordet sitt.", "fill": 1}},
 {"pk": "1", "model": "ticket.status", "fields": {"name": "\u00c3\u0085pen"}},
 {"pk": "2", "model": "ticket.status", "fields": {"name": "Lukket"}},
 {"pk": "3", "model": "ticket.status", "fields": {"name": "Tilbakemelding"}},
 {"pk": "1", "model": "ticket.quickfill", "fields": {"name": "Brukeren har glemt passordet sitt"}},
 {"pk": "47", "model": "ticket.issuefield", "fields": {"field_type": "custom", "name": "ci_string", "view_order": 14, "internal": true, "blank": true, "short_description": "Avhengig av CIer", "long_description": "Avhengig av CIer"}},
 {"pk": "51", "model": "ticket.issuefield", "fields": {"field_type": "custom", "name": "dependencies_string", "view_order": 18, "internal": true, "blank": true, "short_description": "Avhengig av saker", "long_description": "Avhengig av saker"}},
 {"pk": "39", "model": "ticket.issuefield", "fields": {"field_type": "custom", "name": "description", "view_order": 6, "internal": true, "blank": true, "short_description": "Beskrivelse", "long_description": "Beskrivelse av problem"}},
 {"pk": "50", "model": "ticket.issuefield", "fields": {"field_type": "custom", "name": "requester_string", "view_order": 17, "internal": true, "blank": true, "short_description": "Bruker", "long_description": "Bruker"}},
 {"pk": "36", "model": "ticket.issuefield", "fields": {"field_type": "custom", "name": "requester_string", "view_order": 3, "internal": true, "blank": true, "short_description": "Bruker", "long_description": "Bruker"}},
 {"pk": "42", "model": "ticket.issuefield", "fields": {"field_type": "custom", "name": "building", "view_order": 9, "internal": true, "blank": true, "short_description": "Bygning", "long_description": "Bygning"}},
 {"pk": "1", "model": "ticket.issuefield", "fields": {"field_type": "date", "name": "date_perform", "view_order": 10, "internal": false, "blank": false, "short_description": "Dato endringen skal utf\u00c3\u00b8res", "long_description": "Dato endringen skal utf\u00c3\u00b8res"}},
 {"pk": "11", "model": "ticket.issuefield", "fields": {"field_type": "dropdown", "name": "change_status", "view_order": 110, "internal": false, "blank": false, "short_description": "Endringsstatus", "long_description": "Endringsstatus"}},
 {"pk": "53", "model": "ticket.issuefield", "fields": {"field_type": "group", "name": "Fag", "view_order": 5, "internal": false, "blank": true, "short_description": "Fag", "long_description": "Fag"}},
 {"pk": "35", "model": "ticket.issuefield", "fields": {"field_type": "custom", "name": "urgency_string", "view_order": 2, "internal": true, "blank": true, "short_description": "Hastegrad", "long_description": "Hastegrad"}},
 {"pk": "7", "model": "ticket.issuefield", "fields": {"field_type": "textarea", "name": "implementation_plan", "view_order": 70, "internal": false, "blank": false, "short_description": "Implementasjonsplan", "long_description": "Implementasjonsplan"}},
 {"pk": "40", "model": "ticket.issuefield", "fields": {"field_type": "custom", "name": "category_string", "view_order": 7, "internal": true, "blank": true, "short_description": "Kategori", "long_description": "Kategori"}},
 {"pk": "12", "model": "ticket.issuefield", "fields": {"field_type": "textarea", "name": "change_manager_comment", "view_order": 120, "internal": false, "blank": true, "short_description": "Kommentar fra Change Manager", "long_description": "Kommentar fra Change Manager"}},
 {"pk": "2", "model": "ticket.issuefield", "fields": {"field_type": "dropdown", "name": "consequence", "view_order": 50, "internal": false, "blank": false, "short_description": "Konsekvens av \u00c3\u00a5 mislykkes", "long_description": "Konsekvens av \u00c3\u00a5 mislykkes"}},
 {"pk": "43", "model": "ticket.issuefield", "fields": {"field_type": "custom", "name": "office", "view_order": 10, "internal": true, "blank": true, "short_description": "Kontor", "long_description": "Kontor"}},
 {"pk": "49", "model": "ticket.issuefield", "fields": {"field_type": "custom", "name": "cc_string", "view_order": 16, "internal": true, "blank": true, "short_description": "Kopi til", "long_description": "Kopi til"}},
 {"pk": "41", "model": "ticket.issuefield", "fields": {"field_type": "custom", "name": "location", "view_order": 8, "internal": true, "blank": true, "short_description": "Lokasjon", "long_description": "Lokasjon"}},
 {"pk": "48", "model": "ticket.issuefield", "fields": {"field_type": "custom", "name": "co_responsible_string", "view_order": 15, "internal": true, "blank": true, "short_description": "Medansvarlig", "long_description": "Medansvarlig"}},
 {"pk": "45", "model": "ticket.issuefield", "fields": {"field_type": "custom", "name": "mobile", "view_order": 12, "internal": true, "blank": true, "short_description": "Mobiltelefon", "long_description": "Mobiltelefon"}},
 {"pk": "34", "model": "ticket.issuefield", "fields": {"field_type": "custom", "name": "impact_string", "view_order": 1, "internal": true, "blank": true, "short_description": "Omfang", "long_description": "Omfang"}},
 {"pk": "46", "model": "ticket.issuefield", "fields": {"field_type": "custom", "name": "pc", "view_order": 13, "internal": true, "blank": true, "short_description": "PC-nummer", "long_description": "PC-nummer"}},
 {"pk": "4", "model": "ticket.issuefield", "fields": {"field_type": "grading", "name": "priority", "view_order": 30, "internal": false, "blank": false, "short_description": "Prioritet", "long_description": "Prioritet"}},
 {"pk": "5", "model": "ticket.issuefield", "fields": {"field_type": "grading", "name": "risk", "view_order": 40, "internal": false, "blank": false, "short_description": "Risiko", "long_description": "Risiko"}},
 {"pk": "37", "model": "ticket.issuefield", "fields": {"field_type": "custom", "name": "current_status_string", "view_order": 4, "internal": true, "blank": true, "short_description": "Status", "long_description": "Status"}},
 {"pk": "44", "model": "ticket.issuefield", "fields": {"field_type": "custom", "name": "telephone", "view_order": 11, "internal": true, "blank": true, "short_description": "Telefon", "long_description": "Telefon"}},
 {"pk": "8", "model": "ticket.issuefield", "fields": {"field_type": "textarea", "name": "test_plan", "view_order": 80, "internal": false, "blank": false, "short_description": "Testplan", "long_description": "Testplan"}},
 {"pk": "54", "model": "ticket.issuefield", "fields": {"field_type": "date", "name": "Tidsfrist", "view_order": 14, "internal": false, "blank": true, "short_description": "Tidsfrist", "long_description": "Tidsfrist"}},
 {"pk": "9", "model": "ticket.issuefield", "fields": {"field_type": "textarea", "name": "fallback_plan", "view_order": 90, "internal": false, "blank": false, "short_description": "Tilbakefallsplan", "long_description": "Tilbakefallsplan"}},
 {"pk": "33", "model": "ticket.issuefield", "fields": {"field_type": "custom", "name": "assigned_to_string", "view_order": 0, "internal": true, "blank": true, "short_description": "Tildelt", "long_description": "Tildelt"}},
 {"pk": "38", "model": "ticket.issuefield", "fields": {"field_type": "custom", "name": "subject", "view_order": 5, "internal": true, "blank": true, "short_description": "Tittel", "long_description": "Tittel"}},
 {"pk": "3", "model": "ticket.issuefield", "fields": {"field_type": "dropdown", "name": "change_type", "view_order": 0, "internal": false, "blank": false, "short_description": "Type endring", "long_description": "Type endring"}},
 {"pk": "6", "model": "ticket.issuefield", "fields": {"field_type": "dropdown", "name": "difficulty", "view_order": 60, "internal": false, "blank": false, "short_description": "Vanskelighetsgrad", "long_description": "Vanskelighetsgrad"}},
 {"pk": "10", "model": "ticket.issuefield", "fields": {"field_type": "textarea", "name": "evaluation", "view_order": 100, "internal": false, "blank": true, "short_description": "Vurdering", "long_description": "Vurdering"}},
 {"pk": "1", "model": "ticket.issuetype", "fields": {"extra_fields": [53, 54], "name": "incident", "has_location": false}},
 {"pk": "2", "model": "ticket.issuetype", "fields": {"extra_fields": [54], "name": "problem", "has_location": false}},
 {"pk": "3", "model": "ticket.issuetype", "fields": {"extra_fields": [1, 11, 7, 12, 2, 4, 5, 8, 9, 3, 6, 10], "name": "rfc", "has_location": false}}]
