[{"pk": "14", "model": "ticket.issuefielddropdownitem", "fields": {"field": 2, "name": "Major services down"}},
 {"pk": "3", "model": "ticket.issuefielddropdownitem", "fields": {"field": 3, "name": "Minor functionality update"}},
 {"pk": "16", "model": "ticket.issuefielddropdownitem", "fields": {"field": 2, "name": "Major service outage"}},
 {"pk": "19", "model": "ticket.issuefielddropdownitem", "fields": {"field": 11, "name": "Not yet done"}},
 {"pk": "17", "model": "ticket.issuefielddropdownitem", "fields": {"field": 6, "name": "Trivial"}},
 {"pk": "18", "model": "ticket.issuefielddropdownitem", "fields": {"field": 6, "name": "Hard"}},
 {"pk": "15", "model": "ticket.issuefielddropdownitem", "fields": {"field": 2, "name": "Minor service outage"}},
 {"pk": "2", "model": "ticket.issuefielddropdownitem", "fields": {"field": 3, "name": "Normal change"}},
 {"pk": "1", "model": "ticket.issuefielddropdownitem", "fields": {"field": 3, "name": "Standard change"}},
 {"pk": "20", "model": "ticket.issuefielddropdownitem", "fields": {"field": 11, "name": "Done"}},
 {"pk": "1", "model": "ticket.dblogrecordtype", "fields": {"name": "ticket"}},
 {"pk": "2", "model": "ticket.dblogrecordtype", "fields": {"name": "mail"}},
 {"pk": "3", "model": "ticket.dblogrecordtype", "fields": {"name": "account"}},
 {"pk": "4", "model": "ticket.dblogrecordtype", "fields": {"name": "widget"}},
 {"pk": "5", "model": "ticket.dblogrecordtype", "fields": {"name": "performance"}},
 {"pk": "2", "model": "ticket.emailtemplate", "fields": {"body": "<h1>Greetings and salutations, %(recipient.first_name)s %(recipient.last_name)s,<\/h1>\r\n<p>\r\nIt is my sincere pleasure to tell you that I have, this day, recived an email pertaining to the ticket <a href='%(issue.url)s'>%(issue.id)s - %(issue.subject)s<\/a>. The email, sent by the honorable %(update.creator.first_name)s %(update.creator.last_name)s reads as follows:\r\n<\/p>\r\n\r\n%(update.comment)s\r\n\r\n<p>\r\nI hope this information provides value for you and that your day continues to be pleasant. \r\n<\/p>\r\n<p>\r\nKind regards,\r\n<\/p>\r\n<p>\r\nYour friendly neighbourhood Cylon\r\n<\/p>", "name": "mail_update", "subject": "%(issue.subject)s"}},
 {"pk": "3", "model": "ticket.emailtemplate", "fields": {"body": "<h1>Greetings and salutations, %(recipient.first_name)s %(recipient.last_name)s,<\/h1>\r\n<p>\r\nIt is my sincere pleasure to tell you that a new ticket, <a href='%(issue.url)s'>%(issue.id)s - %(issue.subject)s<\/a> has been created by %(update.creator.first_name)s %(update.creator.last_name)s. The ticket description reads as follows.\r\n<\/p>\r\n\r\n%(issue.description)s\r\n\r\n<p>\r\nI hope this information provides value for you and that your day continues to be pleasant. \r\n<\/p>\r\n<p>\r\nKind regards,\r\n<\/p>\r\n<p>\r\nYour friendly neighbourhood Cylon", "name": "web_create", "subject": "%(issue.subject)s"}},
 {"pk": "1", "model": "ticket.emailtemplate", "fields": {"body": "<h1>Greetings and salutations, %(recipient.first_name)s %(recipient.last_name)s,<\/h1>\r\n<p>\r\nIt is my sincere pleasure to tell you that the ticket <a href='%(issue.url)s'>%(issue.id)s - %(issue.subject)s<\/a> has been updated by %(update.creator.first_name)s %(update.creator.last_name)s. The update in question reads as follows.\r\n<\/p>\r\n\r\n%(update.comment)s\r\n\r\n<p>\r\nI hope this information provides value for you and that your day continues to be pleasant. \r\n<\/p>\r\n<p>\r\nKind regards,\r\n<\/p>\r\n<p>\r\nYour friendly neighbourhood Cylon\r\n<\/p>", "name": "web_update", "subject": "%(issue.subject)s"}},
 {"pk": "1", "model": "ticket.event", "fields": {"code": "if issue.current_status.id==2:\r\n    issue.current_status = Status.objects.get(id=1)\r\n", "description": "Reopen closed tickets when email update received", "event": "mail_update"}},
 {"pk": "2", "model": "ticket.category", "fields": {"name": "Outlook"}},
 {"pk": "5", "model": "ticket.category", "fields": {"name": "Windows"}},
 {"pk": "3", "model": "ticket.category", "fields": {"name": "Hardware"}},
 {"pk": "1", "model": "ticket.category", "fields": {"name": "Office"}},
 {"pk": "4", "model": "ticket.category", "fields": {"name": "Internet"}},
 {"pk": "1", "model": "ticket.quickfillitem", "fields": {"field": 2, "value": "Email service is down", "fill": 1}},
 {"pk": "2", "model": "ticket.quickfillitem", "fields": {"field": 1, "value": "The email service is down.", "fill": 1}},
 {"pk": "3", "model": "ticket.quickfillitem", "fields": {"field": 1, "value": "User lost password", "fill": 2}},
 {"pk": "4", "model": "ticket.quickfillitem", "fields": {"field": 2, "value": "User has lost his password.", "fill": 2}},
 {"pk": "5", "model": "ticket.quickfillitem", "fields": {"field": 5, "value": "4", "fill": 1}},
 {"pk": "6", "model": "ticket.quickfillitem", "fields": {"field": 6, "value": "4", "fill": 1}},
 {"pk": "2", "model": "ticket.status", "fields": {"name": "Closed"}},
 {"pk": "3", "model": "ticket.status", "fields": {"name": "Feedback"}},
 {"pk": "1", "model": "ticket.status", "fields": {"name": "Open"}},
 {"pk": "1", "model": "ticket.quickfill", "fields": {"name": "Email service is down"}},
 {"pk": "2", "model": "ticket.quickfill", "fields": {"name": "User lost his password"}},
 {"pk": "11", "model": "ticket.issuefield", "fields": {"field_type": "dropdown", "name": "change_status", "view_order": 110, "blank": false, "short_description": "\u00c3\u0084ndringsstatus", "long_description": "\u00c3\u0084ndringsstatus"}},
 {"pk": "1", "model": "ticket.issuefield", "fields": {"field_type": "date", "name": "date_perform", "view_order": 10, "blank": false, "short_description": "Datum d\u00c3\u00a5 \u00c3\u00a4ndringen skall utf\u00c3\u00b6ras", "long_description": "Datum d\u00c3\u00a5 \u00c3\u00a4ndringen skall utf\u00c3\u00b6ras"}},
 {"pk": "9", "model": "ticket.issuefield", "fields": {"field_type": "textarea", "name": "fallback_plan", "view_order": 90, "blank": false, "short_description": "Fallback-plan", "long_description": "Fallback-plan"}},
 {"pk": "7", "model": "ticket.issuefield", "fields": {"field_type": "textarea", "name": "implementation_plan", "view_order": 70, "blank": false, "short_description": "Implementationsplan", "long_description": "Implementationsplan"}},
 {"pk": "12", "model": "ticket.issuefield", "fields": {"field_type": "textarea", "name": "change_manager_comment", "view_order": 120, "blank": true, "short_description": "Kommentar fr\u00c3\u00a5n Change Manager", "long_description": "Kommentar fr\u00c3\u00a5n Change Manager"}},
 {"pk": "2", "model": "ticket.issuefield", "fields": {"field_type": "dropdown", "name": "consequence", "view_order": 50, "blank": false, "short_description": "Konsekvens av misslyckande", "long_description": "Konsekvens av misslyckandev"}},
 {"pk": "4", "model": "ticket.issuefield", "fields": {"field_type": "grading", "name": "priority", "view_order": 30, "blank": false, "short_description": "Prioritet", "long_description": "Prioritet"}},
 {"pk": "5", "model": "ticket.issuefield", "fields": {"field_type": "grading", "name": "risk", "view_order": 40, "blank": false, "short_description": "Risk", "long_description": "Risk"}},
 {"pk": "6", "model": "ticket.issuefield", "fields": {"field_type": "dropdown", "name": "difficulty", "view_order": 60, "blank": false, "short_description": "Sv\u00c3\u00a5righetsgrad", "long_description": "Sv\u00c3\u00a5righetsgrad"}},
 {"pk": "8", "model": "ticket.issuefield", "fields": {"field_type": "textarea", "name": "test_plan", "view_order": 80, "blank": false, "short_description": "Testplan", "long_description": "Testplan"}},
 {"pk": "3", "model": "ticket.issuefield", "fields": {"field_type": "dropdown", "name": "change_type", "view_order": 0, "blank": false, "short_description": "Typ av \u00c3\u00a4ndring", "long_description": "Typ av \u00c3\u00a4ndring"}},
 {"pk": "10", "model": "ticket.issuefield", "fields": {"field_type": "textarea", "name": "evaluation", "view_order": 100, "blank": false, "short_description": "Utv\u00c3\u00a4rdering", "long_description": "Utv\u00c3\u00a4rdering"}},
 {"pk": "4", "model": "ticket.quickfillfield", "fields": {"name": "category", "description": "Category"}},
 {"pk": "3", "model": "ticket.quickfillfield", "fields": {"name": "ci", "description": "Depends on CI"}},
 {"pk": "2", "model": "ticket.quickfillfield", "fields": {"name": "description", "description": "Description"}},
 {"pk": "5", "model": "ticket.quickfillfield", "fields": {"name": "impact", "description": "Impact"}},
 {"pk": "1", "model": "ticket.quickfillfield", "fields": {"name": "subject", "description": "Subject"}},
 {"pk": "6", "model": "ticket.quickfillfield", "fields": {"name": "urgency", "description": "Urgency"}},
 {"pk": "1", "model": "ticket.issuetype", "fields": {"extra_fields": [], "name": "incident", "has_location": true}},
 {"pk": "2", "model": "ticket.issuetype", "fields": {"extra_fields": [], "name": "problem", "has_location": true}},
 {"pk": "3", "model": "ticket.issuetype", "fields": {"extra_fields": [11, 1, 9, 7, 12, 2, 4, 5, 6, 8, 3, 10], "name": "rfc", "has_location": false}},
 {"pk": "2", "model": "ticket.property", "fields": {"name": "admin_email", "value": "'axel.liljencrantz@freecode.no'"}},
 {"pk": "16", "model": "ticket.property", "fields": {"name": "attachment_directory", "value": "\"\/home\/nooslilaxe\/tuit\/attachments\""}},
 {"pk": "8", "model": "ticket.property", "fields": {"name": "date_format", "value": "\"%d.%m.%Y\""}},
 {"pk": "15", "model": "ticket.property", "fields": {"name": "datetime_format", "value": "\"%d.%m.%Y %H:%M\""}},
 {"pk": "11", "model": "ticket.property", "fields": {"name": "default_charset", "value": "\"latin-1\""}},
 {"pk": "3", "model": "ticket.property", "fields": {"name": "email_registration_confirmation", "value": "false"}},
 {"pk": "17", "model": "ticket.property", "fields": {"name": "issue_closed_id", "value": "2"}},
 {"pk": "12", "model": "ticket.property", "fields": {"name": "mail_default_mail", "value": "[\"requester\",\"assigned_to\",\"co_responsible_list\"]"}},
 {"pk": "7", "model": "ticket.property", "fields": {"name": "mailgw_ignore_alternatives", "value": "false"}},
 {"pk": "6", "model": "ticket.property", "fields": {"name": "pgp_enable", "value": "false"}},
 {"pk": "5", "model": "ticket.property", "fields": {"name": "pgp_roles", "value": "false"}},
 {"pk": "10", "model": "ticket.property", "fields": {"name": "site_location", "value": "\"\/tuit\""}},
 {"pk": "9", "model": "ticket.property", "fields": {"name": "site_url", "value": "\"http:\/\/fhi-dev.freecode.no\""}},
 {"pk": "4", "model": "ticket.property", "fields": {"name": "tracker_web", "value": "\"http:\/\/fhi-dev.freecode.no\/\""}},
 {"pk": "18", "model": "ticket.property", "fields": {"name": "web_create_default_mail", "value": "[\"requester\",\"assigned_to\",\"co_responsible\"]"}},
 {"pk": "13", "model": "ticket.property", "fields": {"name": "web_external_default_mail", "value": "[\"requester\",\"assigned_to\",\"co_responsible\"]"}},
 {"pk": "14", "model": "ticket.property", "fields": {"name": "web_internal_default_mail", "value": "[\"assigned_to\"]"}}]
